create database teste1;
use teste1;

CREATE TABLE Organizadores (
    id INT PRIMARY KEY,
    nome VARCHAR(100),
    contato_email VARCHAR(100),
    telefone VARCHAR(20),
    cargo VARCHAR(50) 
);


CREATE TABLE Eventos (
    id INT PRIMARY KEY,
    nome_evento VARCHAR(100),
    descricao TEXT,
    data_inicio DATE,
    data_fim DATE,
    local_evento VARCHAR(100),
    tipo_evento VARCHAR(50), 
    organizador_id INT,
    FOREIGN KEY (organizador_id) REFERENCES Organizadores(id)
);


CREATE TABLE Participantes (
    id INT PRIMARY KEY,
    nome VARCHAR(100),
    email VARCHAR(100),
    telefone VARCHAR(20),
    data_inscricao DATE,
    tipo_participante VARCHAR(50) 
);

CREATE TABLE Inscricoes (
    id INT PRIMARY KEY,
    id_evento INT,
    id_participante INT,
    data_inscricao DATE,
    status_pagamento VARCHAR(50),
    forma_pagamento VARCHAR(50), 
    FOREIGN KEY (id_evento) REFERENCES Eventos(id),
    FOREIGN KEY (id_participante) REFERENCES Participantes(id)
);



INSERT INTO Organizadores (id, nome, contato_email, telefone, cargo) VALUES
(1, 'Lucas Mendes', 'lucas.mendesc@email.com', '77971717552', 'Coordenador'),
(2, 'Gabriel Matheus', 'gabriel.matheus@email.com', '73926268909', 'Analista'),
(3, 'Luzinete Ribeiro', 'luzinete.ribeiro@email.com', '87968302542', 'Gestor'),
(4, 'João Martins', 'joão.martins@email.com', '74956474928', 'Analista'),
(5, 'Maria Oliveira', 'maria.oliveira@email.com', '84926052390', 'Assistente'),
(6, 'Pedro Santos', 'pedro.santos@email.com', '57964282004', 'Diretor'),
(7, 'Laura Almeida', 'laura.almeida@email.com', '65972981465', 'Organizador'),
(8, 'Rafael Torres', 'rafael.torres@email.com', '53976442167', 'Secretário'),
(9, 'Juliana Freitas', 'juliana.freitas@email.com', '49926223021', 'Professor'),
(10, 'Bruno Rocha', 'bruno.rocha@email.com', '65991265281', 'Professor'),
(11, 'Patrícia Lima', 'patrícia.lima@email.com', '81912222672', 'Assistente'),
(12, 'Daniel Moura', 'daniel.moura@email.com', '72921432530', 'Assistente'),
(13, 'Lucas Azevedo', 'lucas.azevedo@email.com', '61945743210', 'Gestor'),
(14, 'Clara Borges', 'clara.borges@email.com', '27955253395', 'Assistente'),
(15, 'Tiago Duarte', 'tiago.duarte@email.com', '38956095283', 'Organizador'),
(16, 'Helena Rocha', 'helena.rocha@email.com', '79962609182', 'Assistente'),
(17, 'Fábio Nunes', 'fábio.nunes@email.com', '98961162860', 'Assistente'),
(18, 'Aline Barros', 'aline.barros@email.com', '24997596152', 'Secretário'),
(19, 'Vinícius Mendes', 'vinícius.mendes@email.com', '82924951003', 'Professor'),
(20, 'Isabela Costa', 'isabela.costa@email.com', '88956079210', 'Coordenador'),
(21, 'Felipe Silva', 'felipe.silva@email.com', '63968274832', 'Professor'),
(22, 'Camila Pinto', 'camila.pinto@email.com', '93926589031', 'Secretário'),
(23, 'André Teixeira', 'andre.teixeira@email.com', '73964928402', 'Diretor'),
(24, 'Letícia Ramos', 'leticia.ramos@email.com', '98955579012', 'Organizador'),
(25, 'Gustavo Reis', 'gustavo.reis@email.com', '78962839502', 'Analista'),
(26, 'Lorena Souza', 'lorena.souza@email.com', '81968472930', 'Coordenador'),
(27, 'Renato Lopes', 'renato.lopes@email.com', '67996580213', 'Assistente'),
(28, 'Nathália Cardoso', 'nathalia.cardoso@email.com', '95976892014', 'Professor'),
(29, 'Leandro Cunha', 'leandro.cunha@email.com', '74969510822', 'Organizador'),
(30, 'Bruna Dias', 'bruna.dias@email.com', '84962109453', 'Gestor'),
(31, 'Eduarda Meireles', 'eduarda.meireles@email.com', '82954273920', 'Secretário'),
(32, 'Marcos Sampaio', 'marcos.sampaio@email.com', '31974652981', 'Diretor'),
(33, 'Tânia Prado', 'tania.prado@email.com', '71986524913', 'Coordenador'),
(34, 'Igor Gonçalves', 'igor.goncalves@email.com', '67984102974', 'Organizador'),
(35, 'Paula Martins', 'paula.martins@email.com', '42976810583', 'Professor'),
(36, 'Rodrigo Vieira', 'rodrigo.vieira@email.com', '85969518402', 'Assistente'),
(37, 'Yasmin Lira', 'yasmin.lira@email.com', '34986209581', 'Secretário'),
(38, 'Fernando Paiva', 'fernando.paiva@email.com', '55962849012', 'Professor'),
(39, 'Julio Matos', 'julio.matos@email.com', '94971034862', 'Coordenador'),
(40, 'Simone Neves', 'simone.neves@email.com', '41984239018', 'Gestor');


INSERT INTO Eventos (id, nome_evento, descricao, data_inicio, data_fim, local_evento, tipo_evento, organizador_id) VALUES
(1, 'Evento 1', 'Descrição do Evento 1.', '2025-06-18', '2025-06-19', 'Sala 202', 'Palestra', 31),
(2, 'Evento 2', 'Descrição do Evento 2.', '2025-05-19', '2025-05-20', 'Centro de Convenções', 'Mesa Redonda', 4),
(3, 'Evento 3', 'Descrição do Evento 3.', '2025-05-15', '2025-05-16', 'Auditório Central', 'Conferência', 18),
(4, 'Evento 4', 'Descrição do Evento 4.', '2025-05-25', '2025-05-27', 'Centro de Convenções', 'Mesa Redonda', 30),
(5, 'Evento 5', 'Descrição do Evento 5.', '2025-05-24', '2025-05-25', 'Auditório Central', 'Conferência', 18),
(6, 'Evento 6', 'Descrição do Evento 6.', '2025-06-08', '2025-06-09', 'Auditório Central', 'Palestra', 29),
(7, 'Evento 7', 'Descrição do Evento 7.', '2025-05-11', '2025-05-12', 'Teatro Municipal', 'Seminário', 27),
(8, 'Evento 8', 'Descrição do Evento 8.', '2025-05-31', '2025-06-02', 'Teatro Municipal', 'Conferência', 26),
(9, 'Evento 9', 'Descrição do Evento 9.', '2025-05-29', '2025-05-29', 'Teatro Municipal', 'Seminário', 6),
(10, 'Evento 10', 'Descrição do Evento 10.', '2025-05-15', '2025-05-17', 'Centro de Convenções', 'Workshop', 18),
(11, 'Evento 11', 'Descrição do Evento 11.', '2025-05-10', '2025-05-10', 'Auditório Central', 'Seminário', 24),
(12, 'Evento 12', 'Descrição do Evento 12.', '2025-05-20', '2025-05-21', 'Teatro Municipal', 'Palestra', 31),
(13, 'Evento 13', 'Descrição do Evento 13.', '2025-05-07', '2025-05-09', 'Centro de Convenções', 'Mesa Redonda', 28),
(14, 'Evento 14', 'Descrição do Evento 14.', '2025-06-01', '2025-06-02', 'Teatro Municipal', 'Conferência', 8),
(15, 'Evento 15', 'Descrição do Evento 15.', '2025-05-02', '2025-05-03', 'Sala 101', 'Mesa Redonda', 15),
(16, 'Evento 16', 'Descrição do Evento 16.', '2025-05-18', '2025-05-19', 'Auditório Central', 'Workshop', 1),
(17, 'Evento 17', 'Descrição do Evento 17.', '2025-06-10', '2025-06-12', 'Sala 101', 'Seminário', 2),
(18, 'Evento 18', 'Descrição do Evento 18.', '2025-06-15', '2025-06-15', 'Sala 202', 'Palestra', 7),
(19, 'Evento 19', 'Descrição do Evento 19.', '2025-05-13', '2025-05-14', 'Centro de Convenções', 'Conferência', 34),
(20, 'Evento 20', 'Descrição do Evento 20.', '2025-06-22', '2025-06-24', 'Auditório Central', 'Workshop', 35),
(21, 'Evento 21', 'Descrição do Evento 21.', '2025-05-12', '2025-05-13', 'Teatro Municipal', 'Palestra', 20),
(22, 'Evento 22', 'Descrição do Evento 22.', '2025-05-06', '2025-05-06', 'Sala 202', 'Mesa Redonda', 17),
(23, 'Evento 23', 'Descrição do Evento 23.', '2025-06-03', '2025-06-04', 'Auditório Central', 'Seminário', 10),
(24, 'Evento 24', 'Descrição do Evento 24.', '2025-06-13', '2025-06-14', 'Sala 101', 'Workshop', 5),
(25, 'Evento 25', 'Descrição do Evento 25.', '2025-06-05', '2025-06-06', 'Centro de Convenções', 'Conferência', 12),
(26, 'Evento 26', 'Descrição do Evento 26.', '2025-05-04', '2025-05-04', 'Teatro Municipal', 'Palestra', 36),
(27, 'Evento 27', 'Descrição do Evento 27.', '2025-05-08', '2025-05-09', 'Sala 202', 'Seminário', 25),
(28, 'Evento 28', 'Descrição do Evento 28.', '2025-05-26', '2025-05-28', 'Centro de Convenções', 'Workshop', 14),
(29, 'Evento 29', 'Descrição do Evento 29.', '2025-06-16', '2025-06-17', 'Teatro Municipal', 'Mesa Redonda', 6),
(30, 'Evento 30', 'Descrição do Evento 30.', '2025-05-17', '2025-05-18', 'Auditório Central', 'Conferência', 3),
(31, 'Evento 31', 'Descrição do Evento 31.', '2025-05-30', '2025-05-31', 'Sala 101', 'Workshop', 16),
(32, 'Evento 32', 'Descrição do Evento 32.', '2025-06-20', '2025-06-21', 'Sala 202', 'Seminário', 22),
(33, 'Evento 33', 'Descrição do Evento 33.', '2025-05-22', '2025-05-23', 'Centro de Convenções', 'Mesa Redonda', 19),
(34, 'Evento 34', 'Descrição do Evento 34.', '2025-06-11', '2025-06-11', 'Auditório Central', 'Palestra', 13),
(35, 'Evento 35', 'Descrição do Evento 35.', '2025-05-27', '2025-05-28', 'Teatro Municipal', 'Conferência', 23),
(36, 'Evento 36', 'Descrição do Evento 36.', '2025-05-05', '2025-05-06', 'Sala 101', 'Mesa Redonda', 11),
(37, 'Evento 37', 'Descrição do Evento 37.', '2025-06-07', '2025-06-08', 'Sala 202', 'Seminário', 21),
(38, 'Evento 38', 'Descrição do Evento 38.', '2025-05-21', '2025-05-22', 'Auditório Central', 'Palestra', 9),
(39, 'Evento 39', 'Descrição do Evento 39.', '2025-06-19', '2025-06-20', 'Teatro Municipal', 'Workshop', 33),
(40, 'Evento 40', 'Descrição do Evento 40.', '2025-06-06', '2025-06-07', 'Centro de Convenções', 'Workshop', 10);


INSERT INTO Participantes (id, nome, email, telefone, data_inscricao) VALUES
(1, 'Lucas Silva', 'lucas.silva@email.com', '25923697328', '2025-04-24'),
(2, 'Mariana Costa', 'mariana.costa@email.com', '91951522362', '2025-04-24'),
(3, 'João Pedro', 'joão.pedro@email.com', '47948349700', '2025-05-01'),
(4, 'Lívia Mendes', 'lívia.mendes@email.com', '85989616952', '2025-04-08'),
(5, 'Henrique Souza', 'henrique.souza@email.com', '75960941697', '2025-04-03'),
(6, 'Camila Oliveira', 'camila.oliveira@email.com', '28915242820', '2025-04-08'),
(7, 'Matheus Rocha', 'matheus.rocha@email.com', '41913701799', '2025-04-21'),
(8, 'Juliana Andrade', 'juliana.andrade@email.com', '69951299485', '2025-04-10'),
(9, 'Fernando Lima', 'fernando.lima@email.com', '18993648732', '2025-04-30'),
(10, 'Isabela Martins', 'isabela.martins@email.com', '91981918563', '2025-04-28'),
(11, 'Rafael Almeida', 'rafael.almeida@email.com', '27989127631', '2025-04-11'),
(12, 'Bruna Torres', 'bruna.torres@email.com', '88972344231', '2025-04-07'),
(13, 'Gustavo Pinto', 'gustavo.pinto@email.com', '55989345203', '2025-04-18'),
(14, 'Amanda Ramos', 'amanda.ramos@email.com', '13956791100', '2025-04-25'),
(15, 'Eduardo Barros', 'eduardo.barros@email.com', '31921367485', '2025-04-26'),
(16, 'Letícia Ferreira', 'leticia.ferreira@email.com', '43816234198', '2025-04-27'),
(17, 'Diego Nogueira', 'diego.nogueira@email.com', '11988847156', '2025-04-22'),
(18, 'Tainá Cardoso', 'tainá.cardoso@email.com', '14998962459', '2025-04-17'),
(19, 'Igor Cunha', 'igor.cunha@email.com', '56923940230', '2025-04-29'),
(20, 'Nathália Meireles', 'nathalia.meireles@email.com', '45912034059', '2025-04-30'),
(21, 'Felipe Duarte', 'felipe.duarte@email.com', '77863125193', '2025-05-01'),
(22, 'Bianca Rocha', 'bianca.rocha@email.com', '51987653428', '2025-05-02'),
(23, 'Rodrigo Sampaio', 'rodrigo.sampaio@email.com', '65934761459', '2025-05-03'),
(24, 'Vanessa Vieira', 'vanessa.vieira@email.com', '51957368123', '2025-05-04'),
(25, 'Vinícius Paiva', 'vinicius.paiva@email.com', '74823546201', '2025-05-05'),
(26, 'Érica Matos', 'erica.matos@email.com', '88971327544', '2025-05-06'),
(27, 'Thiago Lira', 'thiago.lira@email.com', '68939273659', '2025-05-07'),
(28, 'Lorena Gonçalves', 'lorena.goncalves@email.com', '63918275840', '2025-05-08'),
(29, 'César Prado', 'cesar.prado@email.com', '23956701984', '2025-05-09'),
(30, 'Rayssa Neves', 'rayssa.neves@email.com', '68978532501', '2025-05-10'),
(31, 'Antônio Vieira', 'antonio.vieira@email.com', '19978731456', '2025-05-11'),
(32, 'Simone Lopes', 'simone.lopes@email.com', '39974561876', '2025-05-12'),
(33, 'Danilo Teixeira', 'danilo.teixeira@email.com', '37989547618', '2025-05-13'),
(34, 'Elisa Farias', 'elisa.farias@email.com', '74983426192', '2025-05-14'),
(35, 'Marcelo Prado', 'marcelo.prado@email.com', '86952618347', '2025-05-15'),
(36, 'Daniela Monteiro', 'daniela.monteiro@email.com', '88975620938', '2025-05-16'),
(37, 'Hugo Ribeiro', 'hugo.ribeiro@email.com', '56989432567', '2025-05-17'),
(38, 'Débora Reis', 'debora.reis@email.com', '16967852109', '2025-05-18'),
(39, 'Caio Santos', 'caio.santos@email.com', '47915834720', '2025-05-19'),
(40, 'Rafaela Costa', 'rafaela.costa@email.com', '18995731692', '2025-04-13');


INSERT INTO Inscricoes (id, id_evento, id_participante, data_inscricao, status_pagamento) VALUES
(1, 5, 1, '2025-04-05', 'Pago'),
(2, 12, 2, '2025-04-07', 'Pendente'),
(3, 18, 3, '2025-04-10', 'Cancelado'),
(4, 7, 4, '2025-04-12', 'Pago'),
(5, 21, 5, '2025-04-14', 'Pago'),
(6, 3, 6, '2025-04-16', 'Pendente'),
(7, 9, 7, '2025-04-17', 'Cancelado'),
(8, 15, 8, '2025-04-18', 'Pago'),
(9, 25, 9, '2025-04-19', 'Pendente'),
(10, 30, 10, '2025-04-20', 'Pago'),
(11, 13, 11, '2025-04-22', 'Pago'),
(12, 19, 12, '2025-04-23', 'Pendente'),
(13, 26, 13, '2025-04-24', 'Cancelado'),
(14, 7, 14, '2025-04-25', 'Pago'),
(15, 10, 15, '2025-04-26', 'Pendente'),
(16, 16, 16, '2025-04-27', 'Cancelado'),
(17, 22, 17, '2025-04-28', 'Pago'),
(18, 3, 18, '2025-04-29', 'Pendente'),
(19, 20, 19, '2025-04-30', 'Pago'),
(20, 12, 20, '2025-05-01', 'Cancelado'),
(21, 18, 21, '2025-05-02', 'Pendente'),
(22, 8, 22, '2025-05-03', 'Pago'),
(23, 13, 23, '2025-05-04', 'Pendente'),
(24, 7, 24, '2025-05-05', 'Pago'),
(25, 27, 25, '2025-05-06', 'Cancelado'),
(26, 5, 26, '2025-05-07', 'Pendente'),
(27, 3, 27, '2025-05-08', 'Pago'),
(28, 15, 28, '2025-05-09', 'Cancelado'),
(29, 11, 29, '2025-05-10', 'Pago'),
(30, 9, 30, '2025-05-11', 'Pendente'),
(31, 2, 31, '2025-05-12', 'Pago'),
(32, 24, 32, '2025-05-13', 'Cancelado'),
(33, 6, 33, '2025-05-14', 'Pago'),
(34, 28, 34, '2025-05-15', 'Pendente'),
(35, 8, 35, '2025-05-16', 'Cancelado'),
(36, 12, 36, '2025-05-17', 'Pago'),
(37, 4, 37, '2025-05-18', 'Pendente'),
(38, 10, 38, '2025-05-19', 'Pago'),
(39, 30, 39, '2025-05-20', 'Cancelado'),
(40, 25, 40, '2025-05-21', 'Pago');


